Fold,Benign,Malware,Total,Benign_Pct,Malware_Pct
1,108,12,120,90.0,10.0
2,108,12,120,90.0,10.0
3,108,12,120,90.0,10.0
4,108,12,120,90.0,10.0
5,108,12,120,90.0,10.0
6,108,12,120,90.0,10.0
7,108,12,120,90.0,10.0
8,108,12,120,90.0,10.0
9,108,12,120,90.0,10.0
10,114,13,127,89.76377952755905,10.236220472440944
